Question,Answer
"What role does digitalisation play in the rapid growth of international trade in services, according to the OECD 2026 report?","Digitalisation reduces the cost of delivering services across borders, making international trade in services one of the fastest-growing parts of the global economy. Digital technologies have made it easier for firms to provide services such as software development, finance, consulting, design and business support internationally at an unprecedented scale. This acceleration of cross-border service delivery creates new opportunities and adjustment pressures for workers, underscoring the importance of policy responses."
Identify the three main pathways through which services trade can create employment.,"The first pathway is direct services exports, which raise labour demand in firms that serve foreign markets. The second pathway is the use of imported services as inputs; a 10 % increase in exposure to imported services is linked to a 1-2 % rise in employment in the relevant sector or occupation. The third pathway is local spill-over effects, where each extra job in tradable services generates between 0.6 and 1.6 additional jobs in non-tradable services in the surrounding area."
How do the employment effects of services trade differ between tradable and non-tradable services sectors?,"Employment gains in tradable services arise mainly from direct export opportunities, whereas non-tradable services benefit indirectly through spill-over effects. The analysis finds that each additional job created in tradable services generates between 0.6 and 1.6 extra jobs in local non-tradable services such as restaurants, childcare and security. Moreover, a 10 % increase in exposure to imported services used as inputs is linked to a 1-2 % rise in employment, with the strongest impact observed in non-services sectors. Thus, while tradable services create jobs directly, non-tradable services experience larger employment growth from the broader economic activity triggered by services trade."
What is the estimated change in employment associated with a 10% increase in exposure to imported services used as inputs?,"A 10 percent increase in exposure to imported services used as inputs is linked to a 1-2 percent rise in employment in the relevant sector or occupation. The effect is strongest in non-services sectors, where imported inputs boost productivity and output. This finding shows that imports can support job creation at least as much as export growth. It highlights the importance of viewing imported services as productive inputs rather than merely competitive pressures."
"Why are the overall employment effects of service imports considered ambiguous, and what factors contribute to this ambiguity?","The overall employment impact of service imports is described as ambiguous because the gains and losses they generate can cancel each other out. Imports can cut demand for domestic service providers, yet at the same time they lower production costs and give firms access to specialised inputs, which can raise labour demand. This offsetting dynamic is especially strong in services, where imported inputs are often used intensively in production. Consequently, while a 10 % rise in exposure to imported services as inputs is linked to a 1-2 % employment increase in the relevant sector, the net effect may hide substantial adjustments in both directions."
"How does greater exposure to services trade affect the composition of firms, specifically regarding the size of enterprises and the prevalence of self-employment?","Greater exposure to services trade tends to increase employment in larger enterprises while reducing self-employment. This shift reflects that larger firms are often more internationally engaged and better positioned to participate in cross-border markets. As a result, workers may gain more opportunities for career progression and training, but lose some of the flexibility and independence associated with self-employment."
"In higher-income versus lower-income economies, how does services trade influence working hours and the incidence of part-time work?","In higher-income economies, greater exposure to cross-border services trade is linked to slightly shorter working hours and a higher likelihood of part-time work. By contrast, in lower-income economies services trade is associated with longer working hours and a lower incidence of part-time work, indicating a shift toward full-time employment. These patterns show that the impact of services trade on work-time arrangements differs by a country’s level of income."
"What evidence does the report provide about labour market dynamism (e.g., job-to-job movement, regional mobility) associated with services-exposed sectors, and does it indicate increased precarity?","The report finds that workers in more trade-exposed sectors spend less time in a given job, indicating more frequent job-to-job movement, and it also notes a small increase in movement between regions as workers pursue new opportunities. However, the evidence shows no rise in transitions into or out of employment, no higher rates of switching between broad sectors, and no greater use of temporary contracts. These patterns suggest greater labour-market dynamism without an accompanying increase in job precarity."
"Which demographic groups (e.g., gender, age, education level) are reported to have a growing presence in trade-exposed sectors as services trade expands?","Expanding services trade is linked to a growing presence of women and younger workers in sectors that are exposed to trade. The report notes that these groups may be especially well positioned to benefit even though they initially have lower involvement in tradable services. It also states that the gains are not confined to highly educated workers, implying that opportunities arise across different skill levels."
"According to the policy recommendations, what measures should governments take to ensure the benefits of services trade are broadly shared and workers are equipped for the changing labour market?","Governments should monitor which groups are gaining from services trade and intervene to prevent less-well-positioned workers from being left behind. They need to expand education, training and lifelong-learning programmes so workers acquire the skills demanded by a more tradable services economy. Labour-market institutions should be strengthened to facilitate efficient job-to-job mobility and provide adequate support during transitions. Finally, policymakers ought to reduce unnecessary regulatory barriers to services trade and invest in better data and evidence to track the distribution of benefits."
